gene_name,uniprot_id,chain,lysine_position,rsa_value,rsa_method,plddt,disorder_plddt,disorder_mobidb,local_charge,local_motif_sequence,is_surface,is_annotated_ub
CFTR,P13569,A,8,0.8089,biotite,89.9,0.0,0.0,0.0909,RSPLEKASVVS,True,False
CFTR,P13569,A,14,0.3782,biotite,92.8,0.0,0.0,0.0909,ASVVSKLFFSW,True,False
CFTR,P13569,A,26,0.322,biotite,93.0,0.0,0.0,0.4545,RPILRKGYRQR,True,False
CFTR,P13569,A,52,0.3148,biotite,94.0,0.0,0.0,-0.1818,DNLSEKLEREW,True,False
CFTR,P13569,A,64,0.4828,biotite,88.4,0.0,0.0,0.2727,RELASKKNPKL,True,False
CFTR,P13569,A,65,0.8798,biotite,84.8,0.0,0.0,0.1818,ELASKKNPKLI,True,False
CFTR,P13569,A,68,0.4664,biotite,92.9,0.0,0.0,0.2727,SKKNPKLINAL,True,False
CFTR,P13569,A,95,0.2344,biotite,88.6,0.0,0.0,0.0,LGEVTKAVQPL,False,False
CFTR,P13569,A,114,0.7037,biotite,76.2,0.0,0.0,-0.1818,YDPDNKEERSI,True,False
CFTR,P13569,A,162,0.13,biotite,91.9,0.0,0.0,0.2727,FSLIYKKTLKL,False,False
CFTR,P13569,A,163,0.0734,biotite,91.2,0.0,0.0,0.2727,SLIYKKTLKLS,False,False
CFTR,P13569,A,166,0.3903,biotite,88.6,0.0,0.0,0.3636,YKKTLKLSSRV,True,False
CFTR,P13569,A,174,0.5503,biotite,73.7,0.0,0.0,0.0909,SRVLDKISIGQ,True,False
CFTR,P13569,A,190,0.4782,biotite,70.4,0.0,0.0,-0.0909,SNNLNKFDEGL,True,False
CFTR,P13569,A,246,0.5714,biotite,89.4,0.0,0.0,0.2727,GRMMMKYRDQR,True,False
CFTR,P13569,A,254,0.3042,biotite,88.7,0.0,0.0,0.0909,DQRAGKISERL,True,False
CFTR,P13569,A,273,0.0045,biotite,91.4,0.0,0.0,0.0,NIQSVKAYCWE,False,False
CFTR,P13569,A,283,0.4973,biotite,93.9,0.0,0.0,-0.2727,EEAMEKMIENL,True,False
CFTR,P13569,A,294,0.5633,biotite,94.6,0.0,0.0,0.2727,RQTELKLTRKA,True,False
CFTR,P13569,A,298,0.461,biotite,94.1,0.0,0.0,0.3636,LKLTRKAAYVR,True,False
CFTR,P13569,A,329,0.5987,biotite,81.2,0.0,0.0,0.1818,PYALIKGIILR,True,False
CFTR,P13569,A,335,0.2721,biotite,83.6,0.0,0.0,0.1818,GIILRKIFTTI,True,False
CFTR,P13569,A,370,0.5371,biotite,86.4,0.0,0.0,0.0,LGAINKIQDFL,True,False
CFTR,P13569,A,377,0.2739,biotite,87.8,0.0,0.0,0.0,QDFLQKQEYKT,True,False
CFTR,P13569,A,381,0.5579,biotite,78.1,0.0,0.0,0.0,QKQEYKTLEYN,True,False
CFTR,P13569,A,411,0.4438,biotite,65.4,0.5,0.0,0.0,GELFEKAKQNN,True,False
CFTR,P13569,A,413,0.4301,biotite,59.4,0.5,0.0,0.0909,LFEKAKQNNNN,True,False
CFTR,P13569,A,420,0.7064,biotite,36.1,1.0,0.0,0.0909,NNNNRKTSNGD,True,False
CFTR,P13569,A,442,0.3172,biotite,87.8,0.0,0.0,0.0909,GTPVLKDINFK,True,False
CFTR,P13569,A,447,0.3724,biotite,90.2,0.0,0.0,0.0909,KDINFKIERGQ,True,False
CFTR,P13569,A,464,0.1184,biotite,85.0,0.0,0.0,0.0909,STGAGKTSLLM,False,False
CFTR,P13569,A,481,0.5718,biotite,84.6,0.0,0.0,0.0091,EPSEGKIKHSG,True,False
CFTR,P13569,A,483,0.3461,biotite,82.8,0.0,0.0,0.1909,SEGKIKHSGRI,True,False
CFTR,P13569,A,503,0.2121,biotite,91.6,0.0,0.0,0.0,MPGTIKENIIF,False,False
CFTR,P13569,A,522,0.5356,biotite,94.2,0.0,0.0,0.0909,YRSVIKACQLE,True,False
CFTR,P13569,A,532,0.5483,biotite,82.6,0.0,0.0,-0.2727,EEDISKFAEKD,True,False
CFTR,P13569,A,536,0.4215,biotite,86.9,0.0,0.0,0.0,SKFAEKDNIVL,True,False
CFTR,P13569,A,564,0.1427,biotite,90.2,0.0,0.0,0.0,ARAVYKDADLY,False,False
CFTR,P13569,A,584,0.3987,biotite,81.8,0.0,0.0,-0.2727,DVLTEKEIFES,True,False
CFTR,P13569,A,593,0.6974,biotite,90.8,0.0,0.0,0.0909,ESCVCKLMANK,True,False
CFTR,P13569,A,598,0.182,biotite,88.6,0.0,0.0,0.2727,KLMANKTRILV,False,False
CFTR,P13569,A,606,0.0564,biotite,72.6,0.0,0.0,0.1,ILVTSKMEHLK,False,False
CFTR,P13569,A,611,0.4913,biotite,83.9,0.0,0.0,0.1909,KMEHLKKADKI,True,False
CFTR,P13569,A,612,0.3891,biotite,87.2,0.0,0.0,0.1,MEHLKKADKIL,True,False
CFTR,P13569,A,615,0.1804,biotite,92.9,0.0,0.0,0.1909,LKKADKILILH,False,False
CFTR,P13569,A,643,0.4333,biotite,60.5,0.5,0.0,-0.0909,PDFSSKLMGCD,True,False
CFTR,P13569,A,683,0.75,biotite,28.2,1.0,0.0,0.1818,SWTETKKQSFK,True,False
CFTR,P13569,A,684,0.713,biotite,29.5,1.0,0.0,0.1818,WTETKKQSFKQ,True,False
CFTR,P13569,A,688,0.7092,biotite,25.6,1.0,0.0,0.1818,KKQSFKQTGEF,True,True
CFTR,P13569,A,696,0.6804,biotite,24.0,1.0,0.0,0.0909,GEFGEKRKNSI,True,False
CFTR,P13569,A,698,0.7625,biotite,24.9,1.0,0.0,0.1818,FGEKRKNSILN,True,False
CFTR,P13569,A,710,0.766,biotite,24.4,1.0,0.0,0.1818,INSIRKFSIVQ,True,False
CFTR,P13569,A,716,0.7606,biotite,26.2,1.0,0.0,0.0909,FSIVQKTPLQM,True,False
CFTR,P13569,A,786,0.8243,biotite,31.4,1.0,0.0,0.1909,QNIHRKTTAST,True,False
CFTR,P13569,A,793,0.7906,biotite,27.4,1.0,0.0,0.1818,TASTRKVSLAP,True,False
CFTR,P13569,A,830,0.3799,biotite,53.3,0.5,0.0,-0.3636,NEEDLKECFFD,True,False
CFTR,P13569,A,857,0.6691,biotite,93.3,0.0,0.0,0.1,YITVHKSLIFV,True,False
CFTR,P13569,A,892,0.9305,biotite,34.0,1.0,0.0,0.0091,TPLQDKGNSTH,True,False
CFTR,P13569,A,946,0.2129,biotite,94.4,0.0,0.0,0.2,LITVSKILHHK,False,False
CFTR,P13569,A,951,0.417,biotite,95.7,0.0,0.0,0.2091,KILHHKMLHSV,True,False
CFTR,P13569,A,968,0.2908,biotite,70.4,0.0,0.0,0.0909,TLNTLKAGGIL,True,False
CFTR,P13569,A,978,0.3056,biotite,77.8,0.0,0.0,0.0909,LNRFSKDIAIL,True,False
CFTR,P13569,A,1041,0.2371,biotite,81.2,0.0,0.0,-0.0909,TSQQLKQLESE,False,False
CFTR,P13569,A,1060,0.4807,biotite,82.2,0.0,0.0,0.0909,LVTSLKGLWTL,True,False
CFTR,P13569,A,1080,0.3786,biotite,88.7,0.0,0.0,0.0182,ETLFHKALNLH,True,False
CFTR,P13569,A,1165,0.2505,biotite,86.6,0.0,0.0,0.0909,VSRVFKFIDMP,True,False
CFTR,P13569,A,1174,0.6194,biotite,56.8,0.5,0.0,0.0909,MPTEGKPTKST,True,False
CFTR,P13569,A,1177,0.7877,biotite,33.5,1.0,0.0,0.1818,EGKPTKSTKPY,True,False
CFTR,P13569,A,1180,0.7676,biotite,27.9,1.0,0.0,0.2727,PTKSTKPYKNG,True,False
CFTR,P13569,A,1183,0.7998,biotite,31.8,1.0,0.0,0.1818,STKPYKNGQLS,True,False
CFTR,P13569,A,1189,0.8276,biotite,30.1,1.0,0.0,0.0,NGQLSKVMIIE,True,False
CFTR,P13569,A,1199,0.6944,biotite,38.3,1.0,0.0,-0.0818,ENSHVKKDDIW,True,False
CFTR,P13569,A,1200,0.7942,biotite,42.9,1.0,0.0,0.0091,NSHVKKDDIWP,True,False
CFTR,P13569,A,1213,0.4022,biotite,90.8,0.0,0.0,0.0909,GQMTVKDLTAK,True,False
CFTR,P13569,A,1218,0.2047,biotite,87.8,0.0,0.0,0.0,KDLTAKYTEGG,False,False
CFTR,P13569,A,1250,0.0626,biotite,84.3,0.0,0.0,0.1818,RTGSGKSTLLS,False,False
CFTR,P13569,A,1284,0.4942,biotite,86.7,0.0,0.0,0.1818,LQQWRKAFGVI,True,False
CFTR,P13569,A,1292,0.4842,biotite,77.2,0.0,0.0,0.0909,GVIPQKVFIFS,True,False
CFTR,P13569,A,1302,0.209,biotite,91.6,0.0,0.0,0.0909,SGTFRKNLDPY,False,False
CFTR,P13569,A,1317,0.5699,biotite,92.7,0.0,0.0,-0.2727,DQEIWKVADEV,True,False
CFTR,P13569,A,1334,0.4237,biotite,90.5,0.0,0.0,-0.0909,EQFPGKLDFVL,True,False
CFTR,P13569,A,1351,0.1536,biotite,84.4,0.0,0.0,0.1091,LSHGHKQLMCL,False,False
CFTR,P13569,A,1363,0.4956,biotite,82.9,0.0,0.0,0.2727,RSVLSKAKILL,True,False
CFTR,P13569,A,1365,0.2831,biotite,87.7,0.0,0.0,0.0909,VLSKAKILLLD,True,False
CFTR,P13569,A,1389,0.426,biotite,82.9,0.0,0.0,0.1818,IRRTLKQAFAD,True,False
CFTR,P13569,A,1420,0.5061,biotite,86.1,0.0,0.0,-0.0909,VIEENKVRQYD,True,False
CFTR,P13569,A,1429,0.4741,biotite,81.6,0.0,0.0,0.0,YDSIQKLLNER,True,False
CFTR,P13569,A,1448,0.4721,biotite,57.8,0.5,0.0,0.1909,PSDRVKLFPHR,True,False
CFTR,P13569,A,1457,0.8428,biotite,33.7,1.0,0.0,0.3727,HRNSSKCKSKP,True,False
CFTR,P13569,A,1459,0.8754,biotite,32.2,1.0,0.0,0.2727,NSSKCKSKPQI,True,False
CFTR,P13569,A,1461,0.8215,biotite,29.4,1.0,0.0,0.2727,SKCKSKPQIAA,True,False
CFTR,P13569,A,1468,0.7831,biotite,32.7,1.0,0.0,-0.2727,QIAALKEETEE,True,False
MFN2,O95140,A,15,0.613,biotite,35.3,1.0,0.0,0.3727,SIVTVKKNKRH,True,False
MFN2,O95140,A,16,0.5678,biotite,43.6,1.0,0.0,0.3727,IVTVKKNKRHM,True,False
MFN2,O95140,A,18,0.6323,biotite,38.4,1.0,0.0,0.2818,TVKKNKRHMAE,True,False
MFN2,O95140,A,30,0.2854,biotite,88.7,0.0,0.0,0.1,NASPLKHFVTA,True,False
MFN2,O95140,A,36,0.1158,biotite,93.5,0.0,0.0,0.2818,HFVTAKKKING,False,False
MFN2,O95140,A,37,0.6278,biotite,93.2,0.0,0.0,0.2727,FVTAKKKINGI,True,False
MFN2,O95140,A,38,0.3064,biotite,93.4,0.0,0.0,0.2727,VTAKKKINGIF,True,False
MFN2,O95140,A,79,0.3502,biotite,94.3,0.0,0.0,0.0909,QVLDVKGYLSK,True,False
MFN2,O95140,A,84,0.457,biotite,92.3,0.0,0.0,0.2727,KGYLSKVRGIS,True,False
MFN2,O95140,A,98,0.0491,biotite,94.2,0.0,0.0,0.2818,ARRHMKVAFFG,False,False
MFN2,O95140,A,109,0.0557,biotite,93.9,0.0,0.0,0.1818,RTSNGKSTVIN,False,False
MFN2,O95140,A,120,0.4322,biotite,90.8,0.0,0.0,0.0,AMLWDKVLPSG,True,False
MFN2,O95140,A,154,0.6181,biotite,83.8,0.0,0.0,0.0,EGSEEKRSAKT,True,False
MFN2,O95140,A,158,0.6053,biotite,73.1,0.0,0.0,0.1818,EKRSAKTVNQL,True,False
MFN2,O95140,A,171,0.8485,biotite,73.4,0.0,0.0,0.0182,ALHQDKQLHAG,True,False
MFN2,O95140,A,187,0.4597,biotite,86.9,0.0,0.0,0.1818,MWPNSKCPLLK,True,False
MFN2,O95140,A,192,0.5567,biotite,91.3,0.0,0.0,0.0,KCPLLKDDLVL,True,False
MFN2,O95140,A,215,0.5677,biotite,86.5,0.0,0.0,-0.1818,DSWIDKFCLDA,True,False
MFN2,O95140,A,238,0.0948,biotite,92.1,0.0,0.0,0.1091,LMQTEKHFFHK,False,False
MFN2,O95140,A,243,0.1597,biotite,91.0,0.0,0.0,0.2,KHFFHKVSERL,False,False
MFN2,O95140,A,307,0.4943,biotite,94.8,0.0,0.0,0.0,FFVSAKEVLNA,True,False
MFN2,O95140,A,316,0.4473,biotite,89.1,0.0,0.0,0.1818,NARIQKAQGMP,True,False
MFN2,O95140,A,355,0.4417,biotite,88.9,0.0,0.0,0.0909,SQSAVKTKFEQ,True,False
MFN2,O95140,A,357,0.078,biotite,87.1,0.0,0.0,0.1,SAVKTKFEQHT,False,False
MFN2,O95140,A,366,0.2316,biotite,93.2,0.0,0.0,0.1,HTVRAKQIAEA,False,False
MFN2,O95140,A,402,0.4836,biotite,93.1,0.0,0.0,0.1818,RQDRLKFIDKQ,True,False
MFN2,O95140,A,406,0.5737,biotite,92.3,0.0,0.0,0.0,LKFIDKQLELL,True,False
MFN2,O95140,A,416,0.6722,biotite,91.4,0.0,0.0,0.1818,LAQDYKLRIKQ,True,False
MFN2,O95140,A,420,0.5195,biotite,92.1,0.0,0.0,0.0909,YKLRIKQITEE,True,False
MFN2,O95140,A,460,0.6284,biotite,78.9,0.0,0.0,0.0909,SPVVLKVYKNE,True,False
MFN2,O95140,A,463,0.145,biotite,83.0,0.0,0.0,0.1909,VLKVYKNELHR,False,False
MFN2,O95140,A,502,0.3538,biotite,84.0,0.0,0.0,0.0,MIDGLKPLLPV,True,False
MFN2,O95140,A,532,0.6943,biotite,75.9,0.0,0.0,-0.1818,DLNCDKLCADF,True,False
MFN2,O95140,A,560,0.7722,biotite,53.0,0.5,0.0,0.3636,RFLGPKNSRRA,True,False
MFN2,O95140,A,627,0.797,biotite,71.1,0.0,0.0,0.1818,GGVVWKAVGWR,True,False
MFN2,O95140,A,655,0.6199,biotite,78.5,0.0,0.0,0.1818,LTWTTKAKERA,True,False
MFN2,O95140,A,657,0.211,biotite,79.9,0.0,0.0,0.2727,WTTKAKERAFK,False,False
MFN2,O95140,A,662,0.0787,biotite,84.9,0.0,0.0,0.1818,KERAFKRQFVE,False,False
MFN2,O95140,A,672,0.2288,biotite,85.2,0.0,0.0,-0.0818,EHASEKLQLVI,False,False
MFN2,O95140,A,719,0.4677,biotite,92.2,0.0,0.0,0.0909,IAAMNKKIEVL,True,False
MFN2,O95140,A,720,0.2902,biotite,91.6,0.0,0.0,0.0,AAMNKKIEVLD,True,False
MFN2,O95140,A,730,0.4891,biotite,92.9,0.0,0.0,0.1818,DSLQSKAKLLR,True,False
MFN2,O95140,A,732,0.4533,biotite,93.0,0.0,0.0,0.3636,LQSKAKLLRNK,True,False
MFN2,O95140,A,737,0.3071,biotite,92.8,0.0,0.0,0.1818,KLLRNKAGWLD,True,False
RIPK1,Q13546,A,11,0.4447,biotite,86.2,0.0,0.0,0.0909,SLNVIKMKSSD,True,False
RIPK1,Q13546,A,13,0.5458,biotite,90.2,0.0,0.0,0.0909,NVIKMKSSDFL,True,False
RIPK1,Q13546,A,30,0.4325,biotite,78.2,0.0,0.0,0.0909,SGGFGKVSLCF,True,False
RIPK1,Q13546,A,45,0.0551,biotite,88.2,0.0,0.0,0.1818,GLMIMKTVYKG,False,False
RIPK1,Q13546,A,49,0.6707,biotite,79.7,0.0,0.0,0.1818,MKTVYKGPNCI,True,False
RIPK1,Q13546,A,65,0.1346,biotite,84.6,0.0,0.0,0.0,LLEEAKMMNRL,False,False
RIPK1,Q13546,A,77,0.3673,biotite,91.1,0.0,0.0,0.1909,HSRVVKLLGVI,True,False
RIPK1,Q13546,A,87,0.1969,biotite,85.4,0.0,0.0,-0.0909,IIEEGKYSLVM,False,False
RIPK1,Q13546,A,97,0.0767,biotite,88.8,0.0,0.0,-0.0818,MEYMEKGNLMH,False,False
RIPK1,Q13546,A,105,0.4736,biotite,90.9,0.0,0.0,0.0091,LMHVLKAEMST,True,False
RIPK1,Q13546,A,115,0.0028,biotite,98.2,0.0,0.0,0.1818,TPLSVKGRIIL,False,False
RIPK1,Q13546,A,132,0.5081,biotite,92.3,0.0,0.0,0.2,CYLHGKGVIHK,True,False
RIPK1,Q13546,A,137,0.3788,biotite,90.8,0.0,0.0,0.1,KGVIHKDLKPE,True,False
RIPK1,Q13546,A,140,0.043,biotite,93.8,0.0,0.0,0.0091,IHKDLKPENIL,False,False
RIPK1,Q13546,A,153,0.1458,biotite,97.6,0.0,0.0,-0.0818,NDFHIKIADLG,False,False
RIPK1,Q13546,A,163,0.7385,biotite,71.5,0.0,0.0,0.1818,GLASFKMWSKL,True,False
RIPK1,Q13546,A,167,0.3535,biotite,72.1,0.0,0.0,0.0,FKMWSKLNNEE,True,False
RIPK1,Q13546,A,184,0.6961,biotite,36.1,1.0,0.0,0.0909,VDGTAKKNGGT,True,False
RIPK1,Q13546,A,185,0.7286,biotite,36.8,1.0,0.0,0.0909,DGTAKKNGGTL,True,False
RIPK1,Q13546,A,204,0.7441,biotite,88.9,0.0,0.0,0.0,NDVNAKPTEKS,True,False
RIPK1,Q13546,A,208,0.1212,biotite,98.1,0.0,0.0,0.0,AKPTEKSDVYS,False,False
RIPK1,Q13546,A,225,0.2004,biotite,94.9,0.0,0.0,-0.0909,AIFANKEPYEN,False,False
RIPK1,Q13546,A,242,0.2966,biotite,93.9,0.0,0.0,0.1818,LIMCIKSGNRP,True,False
RIPK1,Q13546,A,265,0.4194,biotite,98.3,0.0,0.0,0.0,IISLMKLCWEA,True,False
RIPK1,Q13546,A,284,0.5144,biotite,97.4,0.0,0.0,0.0,PGIEEKFRPFY,True,False
RIPK1,Q13546,A,302,0.6462,biotite,93.6,0.0,0.0,-0.0909,VEEDVKSLKKE,True,False
RIPK1,Q13546,A,305,0.3565,biotite,90.0,0.0,0.0,0.0909,DVKSLKKEYSN,True,False
RIPK1,Q13546,A,306,0.698,biotite,86.0,0.0,0.0,0.0909,VKSLKKEYSNE,True,False
RIPK1,Q13546,A,316,0.4817,biotite,70.9,0.0,0.0,0.0909,ENAVVKRMQSL,True,False
RIPK1,Q13546,A,377,0.3716,biotite,80.4,0.0,0.0,-0.0909,PSLQSKLQDEA,True,True
RIPK1,Q13546,A,396,0.8469,biotite,35.9,1.0,0.0,0.1818,MDRQTKQQPRQ,True,False
RIPK1,Q13546,A,435,0.9294,biotite,32.4,1.0,0.0,0.0,QNTEGKGTAYS,True,False
RIPK1,Q13546,A,530,0.8166,biotite,63.0,0.5,0.0,-0.0909,TDESIKYTIYN,True,False
RIPK1,Q13546,A,565,0.7145,biotite,33.9,1.0,0.0,-0.0909,TNTNFKEEPAA,True,False
RIPK1,Q13546,A,571,0.5529,biotite,78.3,0.0,0.0,-0.0909,EEPAAKYQAIF,True,False
RIPK1,Q13546,A,585,0.6116,biotite,87.2,0.0,0.0,-0.0818,TSLTDKHLDPI,True,False
RIPK1,Q13546,A,596,0.4346,biotite,84.8,0.0,0.0,0.1909,RENLGKHWKNC,True,False
RIPK1,Q13546,A,599,0.2681,biotite,93.1,0.0,0.0,0.3727,LGKHWKNCARK,True,False
RIPK1,Q13546,A,604,0.4321,biotite,92.7,0.0,0.0,0.2727,KNCARKLGFTQ,True,False
RIPK1,Q13546,A,625,0.4946,biotite,85.5,0.0,0.0,0.0,ERDGLKEKVYQ,True,False
RIPK1,Q13546,A,627,0.0916,biotite,89.8,0.0,0.0,0.0,DGLKEKVYQML,False,False
RIPK1,Q13546,A,634,0.2612,biotite,90.3,0.0,0.0,0.0909,YQMLQKWVMRE,True,False
RIPK1,Q13546,A,642,0.8263,biotite,72.7,0.0,0.0,0.0909,MREGIKGATVG,True,False
RIPK1,Q13546,A,648,0.3702,biotite,91.2,0.0,0.0,0.0909,GATVGKLAQAL,True,False
TP53,P04637,A,24,0.7103,biotite,75.5,0.0,0.0,-0.0909,FSDLWKLLPEN,True,True
TP53,P04637,A,101,0.6696,biotite,96.2,0.0,0.0,0.0909,SVPSQKTYQGS,True,False
TP53,P04637,A,120,0.7674,biotite,88.8,0.0,0.0,0.1,HSGTAKSVTCT,True,False
TP53,P04637,A,132,0.0617,biotite,98.2,0.0,0.0,0.0909,SPALNKMFCQL,False,False
TP53,P04637,A,139,0.4087,biotite,96.8,0.0,0.0,0.0909,FCQLAKTCPVQ,True,False
TP53,P04637,A,164,0.445,biotite,97.6,0.0,0.0,0.1,AMAIYKQSQHM,True,False
TP53,P04637,A,291,0.291,biotite,89.2,0.0,0.0,0.0091,EENLRKKGEPH,True,True
TP53,P04637,A,292,0.5832,biotite,81.5,0.0,0.0,0.1091,ENLRKKGEPHH,True,True
TP53,P04637,A,305,0.8018,biotite,47.5,1.0,0.0,0.1818,PPGSTKRALPN,True,False
TP53,P04637,A,319,0.8229,biotite,48.0,1.0,0.0,0.1818,SSPQPKKKPLD,True,False
TP53,P04637,A,320,0.8467,biotite,48.9,1.0,0.0,0.1818,SPQPKKKPLDG,True,False
TP53,P04637,A,321,0.7995,biotite,50.0,1.0,0.0,0.0909,PQPKKKPLDGE,True,False
TP53,P04637,A,351,0.5718,biotite,89.1,0.0,0.0,-0.1818,EALELKDAQAG,True,True
TP53,P04637,A,357,0.5292,biotite,58.9,0.5,0.0,-0.0909,DAQAGKEPGGS,True,True
TP53,P04637,A,370,0.7479,biotite,43.0,1.0,0.0,0.2909,HSSHLKSKKGQ,True,False
TP53,P04637,A,372,0.8571,biotite,44.1,1.0,0.0,0.2818,SHLKSKKGQST,True,False
TP53,P04637,A,373,0.8894,biotite,40.4,1.0,0.0,0.2818,HLKSKKGQSTS,True,False
TP53,P04637,A,381,0.9163,biotite,45.5,1.0,0.0,0.3727,STSRHKKLMFK,True,False
TP53,P04637,A,382,0.8519,biotite,47.1,1.0,0.0,0.3727,TSRHKKLMFKT,True,False
TP53,P04637,A,386,0.778,biotite,42.9,1.0,0.0,0.0909,KKLMFKTEGPD,True,True
CASP8,Q14790,A,23,0.1833,biotite,93.6,0.0,0.0,-0.0909,DLASLKFLSLD,False,False
CASP8,Q14790,A,34,0.4819,biotite,86.1,0.0,0.0,0.1818,YIPQRKQEPIK,True,False
CASP8,Q14790,A,39,0.7268,biotite,90.8,0.0,0.0,0.0,KQEPIKDALML,True,False
CASP8,Q14790,A,51,0.3937,biotite,87.1,0.0,0.0,0.0,QRLQEKRMLEE,True,False
CASP8,Q14790,A,63,0.1674,biotite,92.6,0.0,0.0,0.0909,NLSFLKELLFR,False,False
CASP8,Q14790,A,83,0.4073,biotite,89.2,0.0,0.0,0.0,YLNTRKEEMER,True,False
CASP8,Q14790,A,121,0.0957,biotite,86.3,0.0,0.0,0.0,ELRSFKFLLQE,False,False
CASP8,Q14790,A,130,0.6357,biotite,62.0,0.5,0.0,-0.1818,QEEISKCKLDD,True,False
CASP8,Q14790,A,132,0.4496,biotite,64.7,0.5,0.0,-0.1818,EISKCKLDDDM,True,False
CASP8,Q14790,A,148,0.5161,biotite,86.4,0.0,0.0,0.0,FIEMEKRVILG,True,False
CASP8,Q14790,A,156,0.3841,biotite,87.1,0.0,0.0,0.0,ILGEGKLDILK,True,False
CASP8,Q14790,A,161,0.2322,biotite,90.8,0.0,0.0,0.1818,KLDILKRVCAQ,False,False
CASP8,Q14790,A,169,0.7135,biotite,83.2,0.0,0.0,0.1818,CAQINKSLLKI,True,False
CASP8,Q14790,A,173,0.5802,biotite,88.5,0.0,0.0,0.0909,NKSLLKIINDY,True,False
CASP8,Q14790,A,183,0.5792,biotite,75.4,0.0,0.0,-0.0909,YEEFSKERSSS,True,False
CASP8,Q14790,A,224,0.3667,biotite,89.6,0.0,0.0,0.0909,SQTLDKVYQMK,True,False
CASP8,Q14790,A,229,0.7183,biotite,94.4,0.0,0.0,0.3636,KVYQMKSKPRG,True,False
CASP8,Q14790,A,231,0.5341,biotite,92.9,0.0,0.0,0.2727,YQMKSKPRGYC,True,False
CASP8,Q14790,A,246,0.4501,biotite,96.5,0.0,0.0,0.1909,NHNFAKAREKV,True,False
CASP8,Q14790,A,250,0.5821,biotite,94.1,0.0,0.0,0.2818,AKAREKVPKLH,True,False
CASP8,Q14790,A,253,0.5612,biotite,90.0,0.0,0.0,0.2818,REKVPKLHSIR,True,False
CASP8,Q14790,A,282,0.2572,biotite,98.4,0.0,0.0,-0.1636,LHFEIKPHDDC,True,False
CASP8,Q14790,A,297,0.3834,biotite,97.0,0.0,0.0,0.0,IYEILKIYQLM,True,False
CASP8,Q14790,A,320,0.4832,biotite,78.7,0.0,0.0,0.0091,LSHGDKGIIYG,True,False
CASP8,Q14790,A,344,0.388,biotite,90.1,0.0,0.0,0.0909,QFTGLKCPSLA,True,False
CASP8,Q14790,A,351,0.1682,biotite,96.2,0.0,0.0,0.1818,PSLAGKPKVFF,False,False
CASP8,Q14790,A,353,0.008,biotite,97.9,0.0,0.0,0.1818,LAGKPKVFFIQ,False,False
CASP8,Q14790,A,367,0.7533,biotite,44.6,1.0,0.0,-0.0909,GDNYQKGIPVE,True,False
CASP8,Q14790,A,453,0.269,biotite,85.6,0.0,0.0,0.0,YEVSNKDDKKN,True,False
CASP8,Q14790,A,456,0.7339,biotite,79.3,0.0,0.0,0.1818,SNKDDKKNMGK,True,False
CASP8,Q14790,A,457,0.7655,biotite,77.8,0.0,0.0,0.1818,NKDDKKNMGKQ,True,False
CASP8,Q14790,A,461,0.2038,biotite,81.8,0.0,0.0,0.2727,KKNMGKQMPQP,False,False
CASP8,Q14790,A,472,0.3354,biotite,92.8,0.0,0.0,0.2727,TFTLRKKLVFP,True,False
CASP8,Q14790,A,473,0.3164,biotite,95.1,0.0,0.0,0.2727,FTLRKKLVFPS,True,False
CASP10,Q92851,A,2,0.9007,biotite,35.8,1.0,0.0,0.1,XXXXMKSQGQH,True,False
CASP10,Q92851,A,14,0.7838,biotite,39.9,1.0,0.0,0.0909,YSSSDKNCKVS,True,False
CASP10,Q92851,A,17,0.8082,biotite,59.1,0.5,0.0,0.0909,SDKNCKVSFRE,True,False
CASP10,Q92851,A,23,0.1816,biotite,94.6,0.0,0.0,0.0,VSFREKLLIID,False,False
CASP10,Q92851,A,40,0.1172,biotite,95.7,0.0,0.0,-0.0909,DVENLKFLCIG,False,False
CASP10,Q92851,A,50,0.7039,biotite,91.1,0.0,0.0,0.1818,GLVPNKKLEKS,True,False
CASP10,Q92851,A,51,0.3253,biotite,93.1,0.0,0.0,0.1818,LVPNKKLEKSS,True,False
CASP10,Q92851,A,54,0.7336,biotite,93.2,0.0,0.0,0.1818,NKKLEKSSSAS,True,False
CASP10,Q92851,A,89,0.329,biotite,92.3,0.0,0.0,0.2818,YIIRQKKLLQH,True,False
CASP10,Q92851,A,90,0.7576,biotite,93.4,0.0,0.0,0.2818,IIRQKKLLQHL,True,False
CASP10,Q92851,A,99,0.2192,biotite,91.2,0.0,0.0,-0.0818,HLNCTKEEVER,False,False
CASP10,Q92851,A,132,0.6043,biotite,89.9,0.0,0.0,-0.1818,DSENLKDMIFL,True,False
CASP10,Q92851,A,139,0.5807,biotite,66.3,0.5,0.0,0.0909,MIFLLKDSLPK,True,False
CASP10,Q92851,A,144,0.9311,biotite,66.4,0.5,0.0,0.0,KDSLPKTEMTS,True,False
CASP10,Q92851,A,158,0.7384,biotite,88.9,0.0,0.0,0.0,LAFLEKQGKID,True,False
CASP10,Q92851,A,161,0.2646,biotite,89.7,0.0,0.0,-0.1818,LEKQGKIDEDN,True,False
CASP10,Q92851,A,175,0.6041,biotite,94.4,0.0,0.0,0.0,LEDLCKTVVPK,True,False
CASP10,Q92851,A,180,0.5796,biotite,92.8,0.0,0.0,0.2727,KTVVPKLLRNI,True,False
CASP10,Q92851,A,187,0.3325,biotite,91.8,0.0,0.0,0.2727,LRNIEKYKREK,True,False
CASP10,Q92851,A,189,0.4006,biotite,91.2,0.0,0.0,0.1818,NIEKYKREKAI,True,False
CASP10,Q92851,A,192,0.1386,biotite,85.8,0.0,0.0,0.2727,KYKREKAIQIV,False,False
CASP10,Q92851,A,203,0.8456,biotite,31.8,1.0,0.0,-0.1818,TPPVDKEAESY,True,False
CASP10,Q92851,A,221,0.5173,biotite,40.4,1.0,0.0,-0.0909,SQTDVKTFLEA,True,False
CASP10,Q92851,A,235,0.823,biotite,29.9,1.0,0.0,0.0091,ESWQNKHAGSN,True,False
CASP10,Q92851,A,271,0.7684,biotite,35.2,1.0,0.0,0.0909,SETSTKRAAVY,True,False
CASP10,Q92851,A,298,0.7477,biotite,84.1,0.0,0.0,0.0909,SFTSLKDRQGT,True,False
CASP10,Q92851,A,305,0.3076,biotite,89.4,0.0,0.0,0.0091,RQGTHKDAEIL,True,False
CASP10,Q92851,A,329,0.4209,biotite,97.1,0.0,0.0,-0.0818,HNNVTKVEMEM,True,False
CASP10,Q92851,A,338,0.5578,biotite,96.7,0.0,0.0,0.0909,EMVLQKQKCNP,True,False
CASP10,Q92851,A,340,0.1671,biotite,95.4,0.0,0.0,0.1909,VLQKQKCNPAH,False,False
CASP10,Q92851,A,392,0.0831,biotite,84.4,0.0,0.0,0.1818,PRLAEKPKLFF,False,False
CASP10,Q92851,A,394,0.0044,biotite,89.7,0.0,0.0,0.0909,LAEKPKLFFIQ,False,False
CASP10,Q92851,A,467,0.3001,biotite,74.3,0.0,0.0,0.2818,LCNHLKKLVPR,True,False
CASP10,Q92851,A,468,0.5912,biotite,70.6,0.0,0.0,0.2818,CNHLKKLVPRM,True,False
CASP10,Q92851,A,475,0.6223,biotite,35.7,1.0,0.0,0.1818,VPRMLKFLEKT,True,False
CASP10,Q92851,A,479,0.6354,biotite,36.3,1.0,0.0,0.0909,LKFLEKTMEIR,True,False
CASP10,Q92851,A,487,0.8341,biotite,26.0,1.0,0.0,0.2727,EIRGRKRTVWG,True,False
CASP10,Q92851,A,494,0.888,biotite,22.8,1.0,0.0,0.0909,TVWGAKQISAT,True,False
PRR5L,Q6MZQ0,A,15,0.8801,biotite,48.8,1.0,0.0,0.1,PVEFHKMGSFR,True,False
PRR5L,Q6MZQ0,A,65,0.5628,biotite,91.6,0.0,0.0,0.0909,VINVFKGGGLQ,True,False
PRR5L,Q6MZQ0,A,86,0.7266,biotite,89.4,0.0,0.0,0.1818,IRRLLKSELGS,True,False
PRR5L,Q6MZQ0,A,104,0.4966,biotite,95.0,0.0,0.0,0.0909,NQLLAKGLFFV,True,False
PRR5L,Q6MZQ0,A,112,0.4109,biotite,91.9,0.0,0.0,-0.0909,FFVEEKIKLCE,True,False
PRR5L,Q6MZQ0,A,114,0.4413,biotite,90.8,0.0,0.0,-0.1818,VEEKIKLCEGE,True,False
PRR5L,Q6MZQ0,A,169,0.411,biotite,90.6,0.0,0.0,0.0,DLVLLKVKLGD,True,False
PRR5L,Q6MZQ0,A,171,0.5626,biotite,85.1,0.0,0.0,0.0909,VLLKVKLGDLL,True,False
PRR5L,Q6MZQ0,A,182,0.8516,biotite,76.2,0.0,0.0,0.0909,LLAQSKLPSSI,True,False
PRR5L,Q6MZQ0,A,215,0.2656,biotite,85.6,0.0,0.0,-0.0909,LEELVKQVVSP,True,False
PRR5L,Q6MZQ0,A,247,0.8232,biotite,39.4,1.0,0.0,0.2727,SRVRPKVTVLN,True,False
PRR5L,Q6MZQ0,A,283,0.7754,biotite,50.2,0.5,0.0,0.0,EAYLEKCGSVR,True,False
PRR5L,Q6MZQ0,A,321,0.7711,biotite,37.6,1.0,0.0,0.0,ASSENKCLLLP,True,False
STUB1,Q9UNE7,A,2,0.8354,biotite,42.4,1.0,0.0,0.0909,XXXXMKGKEEK,True,True
STUB1,Q9UNE7,A,4,0.8092,biotite,43.5,1.0,0.0,0.0,XXMKGKEEKEG,True,False
STUB1,Q9UNE7,A,7,0.8795,biotite,40.9,1.0,0.0,0.0909,KGKEEKEGGAR,True,False
STUB1,Q9UNE7,A,22,0.8284,biotite,61.5,0.5,0.0,0.0,GGSPEKSPSAQ,True,True
STUB1,Q9UNE7,A,30,0.1587,biotite,94.6,0.0,0.0,0.0,SAQELKEQGNR,False,False
STUB1,Q9UNE7,A,41,0.458,biotite,97.1,0.0,0.0,0.0909,LFVGRKYPEAA,True,False
STUB1,Q9UNE7,A,72,0.5063,biotite,95.1,0.0,0.0,0.0091,ALCYLKMQQHE,True,False
STUB1,Q9UNE7,A,95,0.4846,biotite,95.7,0.0,0.0,0.0091,DGQSVKAHFFL,True,False
STUB1,Q9UNE7,A,125,0.6683,biotite,92.8,0.0,0.0,0.0909,AYSLAKEQRLN,True,False
STUB1,Q9UNE7,A,143,0.2499,biotite,91.2,0.0,0.0,0.4545,ALRIAKKKRWN,False,False
STUB1,Q9UNE7,A,144,0.3404,biotite,90.2,0.0,0.0,0.4545,LRIAKKKRWNS,True,False
STUB1,Q9UNE7,A,145,0.3216,biotite,92.3,0.0,0.0,0.4545,RIAKKKRWNSI,True,False
STUB1,Q9UNE7,A,203,0.3507,biotite,96.5,0.0,0.0,0.0091,ACIEAKHDKYM,True,False
STUB1,Q9UNE7,A,206,0.5449,biotite,97.1,0.0,0.0,-0.0818,EAKHDKYMADM,True,False
STUB1,Q9UNE7,A,221,0.7033,biotite,82.7,0.0,0.0,0.1818,SQVDEKRKKRD,True,True
STUB1,Q9UNE7,A,223,0.5487,biotite,74.6,0.0,0.0,0.1818,VDEKRKKRDIP,True,False
STUB1,Q9UNE7,A,224,0.6877,biotite,76.9,0.0,0.0,0.0909,DEKRKKRDIPD,True,False
STUB1,Q9UNE7,A,234,0.3836,biotite,93.9,0.0,0.0,-0.0909,DYLCGKISFEL,True,False
STUB1,Q9UNE7,A,255,0.5903,biotite,93.3,0.0,0.0,-0.1727,ITYDRKDIEEH,True,True
STUB1,Q9UNE7,A,287,0.3045,biotite,96.1,0.0,0.0,-0.0909,PNLAMKEVIDA,True,False
KCNH2,Q12809,A,21,0.3163,biotite,80.3,0.0,0.0,0.0,DTIIRKFEGQS,True,False
KCNH2,Q12809,A,28,0.2385,biotite,92.1,0.0,0.0,0.0909,EGQSRKFIIAN,False,False
KCNH2,Q12809,A,93,0.3937,biotite,92.8,0.0,0.0,-0.0909,GAEERKVEIAF,True,False
KCNH2,Q12809,A,101,0.5013,biotite,92.0,0.0,0.0,0.0909,IAFYRKDGSCF,True,False
KCNH2,Q12809,A,116,0.3616,biotite,83.8,0.0,0.0,-0.1818,DVVPVKNEDGA,True,False
KCNH2,Q12809,A,135,0.7758,biotite,35.8,1.0,0.0,-0.1818,EVVMEKDMVGS,True,False
KCNH2,Q12809,A,161,0.8342,biotite,32.9,1.0,0.0,0.3636,APGRAKTFRLK,True,False
KCNH2,Q12809,A,166,0.83,biotite,26.7,1.0,0.0,0.2727,KTFRLKLPALL,True,False
KCNH2,Q12809,A,332,0.8312,biotite,30.2,1.0,0.0,0.1818,YRTISKIPQIT,True,False
KCNH2,Q12809,A,344,0.87,biotite,28.1,1.0,0.0,-0.0909,NFVDLKGDPFL,True,False
KCNH2,Q12809,A,362,0.8259,biotite,27.1,1.0,0.0,0.0909,EIIAPKIKERT,True,False
KCNH2,Q12809,A,364,0.7946,biotite,28.2,1.0,0.0,0.1909,IAPKIKERTHN,True,False
KCNH2,Q12809,A,373,0.6762,biotite,42.3,1.0,0.0,0.0091,HNVTEKVTQVL,True,False
KCNH2,Q12809,A,389,0.484,biotite,33.6,1.0,0.0,0.0909,VLPEYKLQAPR,True,False
KCNH2,Q12809,A,407,0.0626,biotite,89.8,0.0,0.0,0.0091,HYSPFKAVWDW,False,False
KCNH2,Q12809,A,434,0.4555,biotite,55.8,0.5,0.0,-0.1818,AAFLLKETEEG,True,False
KCNH2,Q12809,A,495,0.8031,biotite,90.3,0.0,0.0,0.1,AVHYFKGWFLI,True,False
KCNH2,Q12809,A,525,0.2106,biotite,78.2,0.0,0.0,0.1818,LIGLLKTARLL,False,False
KCNH2,Q12809,A,538,0.1084,biotite,75.8,0.0,0.0,0.2727,VRVARKLDRYS,False,False
KCNH2,Q12809,A,595,0.369,biotite,85.7,0.0,0.0,0.0,GDQIGKPYNSS,True,False
KCNH2,Q12809,A,608,0.6761,biotite,90.3,0.0,0.0,0.0909,GGPSIKDKYVT,True,False
KCNH2,Q12809,A,610,0.1051,biotite,91.8,0.0,0.0,0.0909,PSIKDKYVTAL,False,False
KCNH2,Q12809,A,638,0.3993,biotite,94.6,0.0,0.0,0.0,NTNSEKIFSIC,True,False
KCNH2,Q12809,A,718,0.6624,biotite,90.6,0.0,0.0,0.0,MNAVLKGFPEC,True,False
KCNH2,Q12809,A,741,0.5027,biotite,88.0,0.0,0.0,0.1909,LLQHCKPFRGA,True,False
KCNH2,Q12809,A,748,0.7412,biotite,92.1,0.0,0.0,0.2727,FRGATKGCLRA,True,False
KCNH2,Q12809,A,757,0.2219,biotite,93.4,0.0,0.0,0.2818,RALAMKFKTTH,False,False
KCNH2,Q12809,A,759,0.4292,biotite,91.1,0.0,0.0,0.1909,LAMKFKTTHAP,True,False
KCNH2,Q12809,A,801,0.5965,biotite,92.0,0.0,0.0,0.0,VAILGKNDIFG,True,False
KCNH2,Q12809,A,817,0.4045,biotite,91.5,0.0,0.0,0.0909,YARPGKSNGDV,True,False
KCNH2,Q12809,A,832,0.1401,biotite,93.6,0.0,0.0,-0.0727,YCDLHKIHRDD,False,False
KCNH2,Q12809,A,886,0.8494,biotite,31.9,1.0,0.0,0.4545,FSRQRKRKLSF,True,False
KCNH2,Q12809,A,888,0.7145,biotite,33.8,1.0,0.0,0.6364,RQRKRKLSFRR,True,False
KCNH2,Q12809,A,897,0.7206,biotite,36.4,1.0,0.0,0.0909,RRRTDKDTEQP,True,False
KCNH2,Q12809,A,979,0.699,biotite,29.5,1.0,0.0,-0.2727,MEDCEKSSDTC,True,False
JMJD6,Q6NYC1,A,4,0.5147,biotite,94.8,0.0,0.0,0.3727,XXMNHKSKKRI,True,False
JMJD6,Q6NYC1,A,6,0.4576,biotite,96.3,0.0,0.0,0.3727,MNHKSKKRIRE,True,False
JMJD6,Q6NYC1,A,7,0.4069,biotite,97.3,0.0,0.0,0.3727,NHKSKKRIREA,True,False
JMJD6,Q6NYC1,A,13,0.1443,biotite,97.7,0.0,0.0,0.3636,RIREAKRSARP,False,False
JMJD6,Q6NYC1,A,21,0.6876,biotite,93.1,0.0,0.0,-0.0909,ARPELKDSLDW,True,False
JMJD6,Q6NYC1,A,68,0.3545,biotite,98.6,0.0,0.0,0.0909,YERPYKPVVLL,True,False
JMJD6,Q6NYC1,A,84,0.2996,biotite,98.5,0.0,0.0,0.0,WSAQEKWTLER,True,False
JMJD6,Q6NYC1,A,91,0.2236,biotite,98.2,0.0,0.0,0.3636,TLERLKRKYRN,False,False
JMJD6,Q6NYC1,A,93,0.4002,biotite,98.3,0.0,0.0,0.4545,ERLKRKYRNQK,True,False
JMJD6,Q6NYC1,A,98,0.4984,biotite,98.4,0.0,0.0,0.2727,KYRNQKFKCGE,True,False
JMJD6,Q6NYC1,A,100,0.0398,biotite,98.5,0.0,0.0,0.0909,RNQKFKCGEDN,False,False
JMJD6,Q6NYC1,A,111,0.3682,biotite,98.2,0.0,0.0,0.1818,DGYSVKMKMKY,True,False
JMJD6,Q6NYC1,A,113,0.2613,biotite,98.6,0.0,0.0,0.2727,YSVKMKMKYYI,True,False
JMJD6,Q6NYC1,A,115,0.1398,biotite,98.3,0.0,0.0,0.1818,VKMKMKYYIEY,False,False
JMJD6,Q6NYC1,A,142,0.5581,biotite,96.8,0.0,0.0,0.2818,YGEHPKRRKLL,True,False
JMJD6,Q6NYC1,A,145,0.4213,biotite,98.0,0.0,0.0,0.1909,HPKRRKLLEDY,True,False
JMJD6,Q6NYC1,A,151,0.6743,biotite,98.4,0.0,0.0,0.0,LLEDYKVPKFF,True,False
JMJD6,Q6NYC1,A,154,0.414,biotite,98.3,0.0,0.0,-0.0909,DYKVPKFFTDD,True,False
JMJD6,Q6NYC1,A,167,0.8783,biotite,92.4,0.0,0.0,0.1818,QYAGEKRRPPY,True,False
JMJD6,Q6NYC1,A,204,0.0139,biotite,98.9,0.0,0.0,0.1909,LVQGHKRWCLF,False,False
JMJD6,Q6NYC1,A,219,0.2793,biotite,97.4,0.0,0.0,0.0,PRELIKVTRDE,True,False
JMJD6,Q6NYC1,A,253,0.5375,biotite,98.0,0.0,0.0,-0.0909,WPPEFKPLEIL,True,False
JMJD6,Q6NYC1,A,260,0.401,biotite,98.8,0.0,0.0,-0.0909,LEILQKPGETV,True,False
JMJD6,Q6NYC1,A,300,0.1695,biotite,94.0,0.0,0.0,0.2818,PVVWHKTVRGR,False,False
JMJD6,Q6NYC1,A,307,0.7233,biotite,94.7,0.0,0.0,0.4545,VRGRPKLSRKW,True,False
JMJD6,Q6NYC1,A,311,0.2317,biotite,94.8,0.0,0.0,0.3636,PKLSRKWYRIL,False,False
JMJD6,Q6NYC1,A,317,0.4571,biotite,96.1,0.0,0.0,0.0091,WYRILKQEHPE,True,False
JMJD6,Q6NYC1,A,375,0.8951,biotite,37.0,1.0,0.0,0.5545,TVHRRKKRRTC,True,False
JMJD6,Q6NYC1,A,376,0.8543,biotite,37.2,1.0,0.0,0.5545,VHRRKKRRTCS,True,False
JMJD6,Q6NYC1,A,397,0.7813,biotite,37.4,1.0,0.0,-0.0909,DDCVSKERSSS,True,False
DNAJB11,Q9UBS4,A,28,0.6881,biotite,91.8,0.0,0.0,0.0909,GRDFYKILGVP,True,False
DNAJB11,Q9UBS4,A,39,0.477,biotite,83.9,0.0,0.0,0.2727,RSASIKDIKKA,True,False
DNAJB11,Q9UBS4,A,42,0.1809,biotite,89.2,0.0,0.0,0.3636,SIKDIKKAYRK,False,False
DNAJB11,Q9UBS4,A,43,0.5745,biotite,87.4,0.0,0.0,0.3636,IKDIKKAYRKL,True,False
DNAJB11,Q9UBS4,A,47,0.5646,biotite,89.0,0.0,0.0,0.3636,KKAYRKLALQL,True,False
DNAJB11,Q9UBS4,A,66,0.3483,biotite,85.2,0.0,0.0,-0.0909,PQAQEKFQDLG,True,False
DNAJB11,Q9UBS4,A,82,0.3106,biotite,88.9,0.0,0.0,0.0,LSDSEKRKQYD,True,False
DNAJB11,Q9UBS4,A,84,0.6294,biotite,88.2,0.0,0.0,0.0,DSEKRKQYDTY,True,False
DNAJB11,Q9UBS4,A,95,0.4722,biotite,65.0,0.5,0.0,-0.1727,GEEGLKDGHQS,True,False
DNAJB11,Q9UBS4,A,157,0.1023,biotite,91.2,0.0,0.0,0.1818,EVVRNKPVARQ,False,False
DNAJB11,Q9UBS4,A,166,0.6496,biotite,90.1,0.0,0.0,0.3636,RQAPGKRKCNC,True,False
DNAJB11,Q9UBS4,A,168,0.709,biotite,88.0,0.0,0.0,0.3636,APGKRKCNCRQ,True,False
DNAJB11,Q9UBS4,A,200,0.5633,biotite,90.7,0.0,0.0,-0.1818,ECPNVKLVNEE,True,False
DNAJB11,Q9UBS4,A,244,0.4229,biotite,96.4,0.0,0.0,0.3727,LRFRIKVVKHP,True,False
DNAJB11,Q9UBS4,A,247,0.8344,biotite,95.5,0.0,0.0,0.1909,RIKVVKHPIFE,True,False
DNAJB11,Q9UBS4,A,284,0.6116,biotite,96.0,0.0,0.0,0.1182,HLDGHKVHISR,True,False
DNAJB11,Q9UBS4,A,291,0.6309,biotite,92.8,0.0,0.0,0.1909,HISRDKITRPG,True,False
DNAJB11,Q9UBS4,A,298,0.5008,biotite,96.1,0.0,0.0,0.3636,TRPGAKLWKKG,True,False
DNAJB11,Q9UBS4,A,301,0.3085,biotite,96.1,0.0,0.0,0.1818,GAKLWKKGEGL,True,False
DNAJB11,Q9UBS4,A,302,0.7189,biotite,95.6,0.0,0.0,0.1818,AKLWKKGEGLP,True,False
DNAJB11,Q9UBS4,A,315,0.3803,biotite,94.6,0.0,0.0,0.0,DNNNIKGSLII,True,False
DNAJB11,Q9UBS4,A,328,0.8359,biotite,92.6,0.0,0.0,-0.2727,DVDFPKEQLTE,True,False
DNAJB11,Q9UBS4,A,340,0.5581,biotite,91.1,0.0,0.0,0.1818,AREGIKQLLKQ,True,False
DNAJB11,Q9UBS4,A,344,0.7526,biotite,90.8,0.0,0.0,0.1818,IKQLLKQGSVQ,True,False
DNAJB11,Q9UBS4,A,350,0.7008,biotite,87.9,0.0,0.0,0.0909,QGSVQKVYNGL,True,False
