gene_name,uniprot_id,chain,lysine_position,rsa_value,plddt,disorder_score,local_charge,local_motif_sequence,is_surface
CFTR,P13569,A,8,0.56,89.9,0.0,0.0909,RSPLEKASVVS,True
CFTR,P13569,A,14,0.36,92.8,0.0,0.0909,ASVVSKLFFSW,True
CFTR,P13569,A,26,0.44,93.0,0.0,0.4545,RPILRKGYRQR,True
CFTR,P13569,A,52,0.36,94.0,0.0,-0.1818,DNLSEKLEREW,True
CFTR,P13569,A,64,0.64,88.4,0.0,0.2727,RELASKKNPKL,True
CFTR,P13569,A,65,0.68,84.8,0.0,0.1818,ELASKKNPKLI,True
CFTR,P13569,A,68,0.36,92.9,0.0,0.2727,SKKNPKLINAL,True
CFTR,P13569,A,95,0.24,88.6,0.0,0.0,LGEVTKAVQPL,False
CFTR,P13569,A,114,0.44,76.2,0.0,-0.1818,YDPDNKEERSI,True
CFTR,P13569,A,162,0.24,91.9,0.0,0.2727,FSLIYKKTLKL,False
CFTR,P13569,A,163,0.28,91.2,0.0,0.2727,SLIYKKTLKLS,True
CFTR,P13569,A,166,0.28,88.6,0.0,0.3636,YKKTLKLSSRV,True
CFTR,P13569,A,174,0.68,73.7,0.0,0.0909,SRVLDKISIGQ,True
CFTR,P13569,A,190,0.32,70.4,0.0,-0.0909,SNNLNKFDEGL,True
CFTR,P13569,A,246,0.52,89.4,0.0,0.2727,GRMMMKYRDQR,True
CFTR,P13569,A,254,0.4,88.7,0.0,0.0909,DQRAGKISERL,True
CFTR,P13569,A,273,0.24,91.4,0.0,0.0,NIQSVKAYCWE,False
CFTR,P13569,A,283,0.48,93.9,0.0,-0.2727,EEAMEKMIENL,True
CFTR,P13569,A,294,0.52,94.6,0.0,0.2727,RQTELKLTRKA,True
CFTR,P13569,A,298,0.4,94.1,0.0,0.3636,LKLTRKAAYVR,True
CFTR,P13569,A,329,0.52,81.2,0.0,0.1818,PYALIKGIILR,True
CFTR,P13569,A,335,0.36,83.6,0.0,0.1818,GIILRKIFTTI,True
CFTR,P13569,A,370,0.44,86.4,0.0,0.0,LGAINKIQDFL,True
CFTR,P13569,A,377,0.44,87.8,0.0,0.0,QDFLQKQEYKT,True
CFTR,P13569,A,381,0.52,78.1,0.0,0.0,QKQEYKTLEYN,True
CFTR,P13569,A,411,0.56,65.4,0.5,0.0,GELFEKAKQNN,True
CFTR,P13569,A,413,0.56,59.4,0.5,0.0909,LFEKAKQNNNN,True
CFTR,P13569,A,420,0.68,36.1,1.0,0.0909,NNNNRKTSNGD,True
CFTR,P13569,A,442,0.16,87.8,0.0,0.0909,GTPVLKDINFK,False
CFTR,P13569,A,447,0.44,90.2,0.0,0.0909,KDINFKIERGQ,True
CFTR,P13569,A,464,0.04,85.0,0.0,0.0909,STGAGKTSLLM,False
CFTR,P13569,A,481,0.44,84.6,0.0,0.0091,EPSEGKIKHSG,True
CFTR,P13569,A,483,0.32,82.8,0.0,0.1909,SEGKIKHSGRI,True
CFTR,P13569,A,503,0.32,91.6,0.0,0.0,MPGTIKENIIF,True
CFTR,P13569,A,522,0.36,94.2,0.0,0.0909,YRSVIKACQLE,True
CFTR,P13569,A,532,0.64,82.6,0.0,-0.2727,EEDISKFAEKD,True
CFTR,P13569,A,536,0.44,86.9,0.0,0.0,SKFAEKDNIVL,True
CFTR,P13569,A,564,0.2,90.2,0.0,0.0,ARAVYKDADLY,False
CFTR,P13569,A,584,0.36,81.8,0.0,-0.2727,DVLTEKEIFES,True
CFTR,P13569,A,593,0.52,90.8,0.0,0.0909,ESCVCKLMANK,True
CFTR,P13569,A,598,0.32,88.6,0.0,0.2727,KLMANKTRILV,True
CFTR,P13569,A,606,0.24,72.6,0.0,0.1,ILVTSKMEHLK,False
CFTR,P13569,A,611,0.44,83.9,0.0,0.1909,KMEHLKKADKI,True
CFTR,P13569,A,612,0.36,87.2,0.0,0.1,MEHLKKADKIL,True
CFTR,P13569,A,615,0.08,92.9,0.0,0.1909,LKKADKILILH,False
CFTR,P13569,A,643,0.4,60.5,0.5,-0.0909,PDFSSKLMGCD,True
CFTR,P13569,A,683,0.84,28.2,1.0,0.1818,SWTETKKQSFK,True
CFTR,P13569,A,684,0.84,29.5,1.0,0.1818,WTETKKQSFKQ,True
CFTR,P13569,A,688,0.84,25.6,1.0,0.1818,KKQSFKQTGEF,True
CFTR,P13569,A,696,0.84,24.0,1.0,0.0909,GEFGEKRKNSI,True
CFTR,P13569,A,698,0.84,24.9,1.0,0.1818,FGEKRKNSILN,True
CFTR,P13569,A,710,0.72,24.4,1.0,0.1818,INSIRKFSIVQ,True
CFTR,P13569,A,716,0.8,26.2,1.0,0.0909,FSIVQKTPLQM,True
CFTR,P13569,A,786,0.84,31.4,1.0,0.1909,QNIHRKTTAST,True
CFTR,P13569,A,793,0.8,27.4,1.0,0.1818,TASTRKVSLAP,True
CFTR,P13569,A,830,0.4,53.3,0.5,-0.3636,NEEDLKECFFD,True
CFTR,P13569,A,857,0.56,93.3,0.0,0.1,YITVHKSLIFV,True
CFTR,P13569,A,892,0.76,34.0,1.0,0.0091,TPLQDKGNSTH,True
CFTR,P13569,A,946,0.28,94.4,0.0,0.2,LITVSKILHHK,True
CFTR,P13569,A,951,0.36,95.7,0.0,0.2091,KILHHKMLHSV,True
CFTR,P13569,A,968,0.24,70.4,0.0,0.0909,TLNTLKAGGIL,False
CFTR,P13569,A,978,0.44,77.8,0.0,0.0909,LNRFSKDIAIL,True
CFTR,P13569,A,1041,0.28,81.2,0.0,-0.0909,TSQQLKQLESE,True
CFTR,P13569,A,1060,0.32,82.2,0.0,0.0909,LVTSLKGLWTL,True
CFTR,P13569,A,1080,0.32,88.7,0.0,0.0182,ETLFHKALNLH,True
CFTR,P13569,A,1165,0.56,86.6,0.0,0.0909,VSRVFKFIDMP,True
CFTR,P13569,A,1174,0.64,56.8,0.5,0.0909,MPTEGKPTKST,True
CFTR,P13569,A,1177,0.76,33.5,1.0,0.1818,EGKPTKSTKPY,True
CFTR,P13569,A,1180,0.76,27.9,1.0,0.2727,PTKSTKPYKNG,True
CFTR,P13569,A,1183,0.8,31.8,1.0,0.1818,STKPYKNGQLS,True
CFTR,P13569,A,1189,0.76,30.1,1.0,0.0,NGQLSKVMIIE,True
CFTR,P13569,A,1199,0.68,38.3,1.0,-0.0818,ENSHVKKDDIW,True
CFTR,P13569,A,1200,0.68,42.9,1.0,0.0091,NSHVKKDDIWP,True
CFTR,P13569,A,1213,0.4,90.8,0.0,0.0909,GQMTVKDLTAK,True
CFTR,P13569,A,1218,0.24,87.8,0.0,0.0,KDLTAKYTEGG,False
CFTR,P13569,A,1250,0.08,84.3,0.0,0.1818,RTGSGKSTLLS,False
CFTR,P13569,A,1284,0.24,86.7,0.0,0.1818,LQQWRKAFGVI,False
CFTR,P13569,A,1292,0.44,77.2,0.0,0.0909,GVIPQKVFIFS,True
CFTR,P13569,A,1302,0.32,91.6,0.0,0.0909,SGTFRKNLDPY,True
CFTR,P13569,A,1317,0.44,92.7,0.0,-0.2727,DQEIWKVADEV,True
CFTR,P13569,A,1334,0.36,90.5,0.0,-0.0909,EQFPGKLDFVL,True
CFTR,P13569,A,1351,0.12,84.4,0.0,0.1091,LSHGHKQLMCL,False
CFTR,P13569,A,1363,0.36,82.9,0.0,0.2727,RSVLSKAKILL,True
CFTR,P13569,A,1365,0.08,87.7,0.0,0.0909,VLSKAKILLLD,False
CFTR,P13569,A,1389,0.48,82.9,0.0,0.1818,IRRTLKQAFAD,True
CFTR,P13569,A,1420,0.32,86.1,0.0,-0.0909,VIEENKVRQYD,True
CFTR,P13569,A,1429,0.56,81.6,0.0,0.0,YDSIQKLLNER,True
CFTR,P13569,A,1448,0.56,57.8,0.5,0.1909,PSDRVKLFPHR,True
CFTR,P13569,A,1457,0.72,33.7,1.0,0.3727,HRNSSKCKSKP,True
CFTR,P13569,A,1459,0.8,32.2,1.0,0.2727,NSSKCKSKPQI,True
CFTR,P13569,A,1461,0.76,29.4,1.0,0.2727,SKCKSKPQIAA,True
CFTR,P13569,A,1468,0.76,32.7,1.0,-0.2727,QIAALKEETEE,True
MFN2,O95140,A,15,0.6,35.3,1.0,0.3727,SIVTVKKNKRH,True
MFN2,O95140,A,16,0.6,43.6,1.0,0.3727,IVTVKKNKRHM,True
MFN2,O95140,A,18,0.56,38.4,1.0,0.2818,TVKKNKRHMAE,True
MFN2,O95140,A,30,0.12,88.7,0.0,0.1,NASPLKHFVTA,False
MFN2,O95140,A,36,0.2,93.5,0.0,0.2818,HFVTAKKKING,False
MFN2,O95140,A,37,0.52,93.2,0.0,0.2727,FVTAKKKINGI,True
MFN2,O95140,A,38,0.36,93.4,0.0,0.2727,VTAKKKINGIF,True
MFN2,O95140,A,79,0.28,94.3,0.0,0.0909,QVLDVKGYLSK,True
MFN2,O95140,A,84,0.4,92.3,0.0,0.2727,KGYLSKVRGIS,True
MFN2,O95140,A,98,0.16,94.2,0.0,0.2818,ARRHMKVAFFG,False
MFN2,O95140,A,109,0.0,93.9,0.0,0.1818,RTSNGKSTVIN,False
MFN2,O95140,A,120,0.2,90.8,0.0,0.0,AMLWDKVLPSG,False
MFN2,O95140,A,154,0.48,83.8,0.0,0.0,EGSEEKRSAKT,True
MFN2,O95140,A,158,0.52,73.1,0.0,0.1818,EKRSAKTVNQL,True
MFN2,O95140,A,171,0.68,73.4,0.0,0.0182,ALHQDKQLHAG,True
MFN2,O95140,A,187,0.44,86.9,0.0,0.1818,MWPNSKCPLLK,True
MFN2,O95140,A,192,0.2,91.3,0.0,0.0,KCPLLKDDLVL,False
MFN2,O95140,A,215,0.52,86.5,0.0,-0.1818,DSWIDKFCLDA,True
MFN2,O95140,A,238,0.28,92.1,0.0,0.1091,LMQTEKHFFHK,True
MFN2,O95140,A,243,0.44,91.0,0.0,0.2,KHFFHKVSERL,True
MFN2,O95140,A,307,0.12,94.8,0.0,0.0,FFVSAKEVLNA,False
MFN2,O95140,A,316,0.36,89.1,0.0,0.1818,NARIQKAQGMP,True
MFN2,O95140,A,355,0.24,88.9,0.0,0.0909,SQSAVKTKFEQ,False
MFN2,O95140,A,357,0.24,87.1,0.0,0.1,SAVKTKFEQHT,False
MFN2,O95140,A,366,0.28,93.2,0.0,0.1,HTVRAKQIAEA,True
MFN2,O95140,A,402,0.52,93.1,0.0,0.1818,RQDRLKFIDKQ,True
MFN2,O95140,A,406,0.52,92.3,0.0,0.0,LKFIDKQLELL,True
MFN2,O95140,A,416,0.4,91.4,0.0,0.1818,LAQDYKLRIKQ,True
MFN2,O95140,A,420,0.44,92.1,0.0,0.0909,YKLRIKQITEE,True
MFN2,O95140,A,460,0.56,78.9,0.0,0.0909,SPVVLKVYKNE,True
MFN2,O95140,A,463,0.36,83.0,0.0,0.1909,VLKVYKNELHR,True
MFN2,O95140,A,502,0.32,84.0,0.0,0.0,MIDGLKPLLPV,True
MFN2,O95140,A,532,0.64,75.9,0.0,-0.1818,DLNCDKLCADF,True
MFN2,O95140,A,560,0.64,53.0,0.5,0.3636,RFLGPKNSRRA,True
MFN2,O95140,A,627,0.6,71.1,0.0,0.1818,GGVVWKAVGWR,True
MFN2,O95140,A,655,0.48,78.5,0.0,0.1818,LTWTTKAKERA,True
MFN2,O95140,A,657,0.24,79.9,0.0,0.2727,WTTKAKERAFK,False
MFN2,O95140,A,662,0.28,84.9,0.0,0.1818,KERAFKRQFVE,True
MFN2,O95140,A,672,0.4,85.2,0.0,-0.0818,EHASEKLQLVI,True
MFN2,O95140,A,719,0.48,92.2,0.0,0.0909,IAAMNKKIEVL,True
MFN2,O95140,A,720,0.32,91.6,0.0,0.0,AAMNKKIEVLD,True
MFN2,O95140,A,730,0.36,92.9,0.0,0.1818,DSLQSKAKLLR,True
MFN2,O95140,A,732,0.32,93.0,0.0,0.3636,LQSKAKLLRNK,True
MFN2,O95140,A,737,0.32,92.8,0.0,0.1818,KLLRNKAGWLD,True
RIPK1,Q13546,A,11,0.36,86.2,0.0,0.0909,SLNVIKMKSSD,True
RIPK1,Q13546,A,13,0.52,90.2,0.0,0.0909,NVIKMKSSDFL,True
RIPK1,Q13546,A,30,0.32,78.2,0.0,0.0909,SGGFGKVSLCF,True
RIPK1,Q13546,A,45,0.04,88.2,0.0,0.1818,GLMIMKTVYKG,False
RIPK1,Q13546,A,49,0.24,79.7,0.0,0.1818,MKTVYKGPNCI,False
RIPK1,Q13546,A,65,0.24,84.6,0.0,0.0,LLEEAKMMNRL,False
RIPK1,Q13546,A,77,0.2,91.1,0.0,0.1909,HSRVVKLLGVI,False
RIPK1,Q13546,A,87,0.36,85.4,0.0,-0.0909,IIEEGKYSLVM,True
RIPK1,Q13546,A,97,0.32,88.8,0.0,-0.0818,MEYMEKGNLMH,True
RIPK1,Q13546,A,105,0.4,90.9,0.0,0.0091,LMHVLKAEMST,True
RIPK1,Q13546,A,115,0.28,98.2,0.0,0.1818,TPLSVKGRIIL,True
RIPK1,Q13546,A,132,0.56,92.3,0.0,0.2,CYLHGKGVIHK,True
RIPK1,Q13546,A,137,0.04,90.8,0.0,0.1,KGVIHKDLKPE,False
RIPK1,Q13546,A,140,0.0,93.8,0.0,0.0091,IHKDLKPENIL,False
RIPK1,Q13546,A,153,0.04,97.6,0.0,-0.0818,NDFHIKIADLG,False
RIPK1,Q13546,A,163,0.44,71.5,0.0,0.1818,GLASFKMWSKL,True
RIPK1,Q13546,A,167,0.4,72.1,0.0,0.0,FKMWSKLNNEE,True
RIPK1,Q13546,A,184,0.6,36.1,1.0,0.0909,VDGTAKKNGGT,True
RIPK1,Q13546,A,185,0.64,36.8,1.0,0.0909,DGTAKKNGGTL,True
RIPK1,Q13546,A,204,0.6,88.9,0.0,0.0,NDVNAKPTEKS,True
RIPK1,Q13546,A,208,0.08,98.1,0.0,0.0,AKPTEKSDVYS,False
RIPK1,Q13546,A,225,0.32,94.9,0.0,-0.0909,AIFANKEPYEN,True
RIPK1,Q13546,A,242,0.32,93.9,0.0,0.1818,LIMCIKSGNRP,True
RIPK1,Q13546,A,265,0.24,98.3,0.0,0.0,IISLMKLCWEA,False
RIPK1,Q13546,A,284,0.44,97.4,0.0,0.0,PGIEEKFRPFY,True
RIPK1,Q13546,A,302,0.48,93.6,0.0,-0.0909,VEEDVKSLKKE,True
RIPK1,Q13546,A,305,0.44,90.0,0.0,0.0909,DVKSLKKEYSN,True
RIPK1,Q13546,A,306,0.64,86.0,0.0,0.0909,VKSLKKEYSNE,True
RIPK1,Q13546,A,316,0.6,70.9,0.0,0.0909,ENAVVKRMQSL,True
RIPK1,Q13546,A,377,0.48,80.4,0.0,-0.0909,PSLQSKLQDEA,True
RIPK1,Q13546,A,396,0.8,35.9,1.0,0.1818,MDRQTKQQPRQ,True
RIPK1,Q13546,A,435,0.84,32.4,1.0,0.0,QNTEGKGTAYS,True
RIPK1,Q13546,A,530,0.64,63.0,0.5,-0.0909,TDESIKYTIYN,True
RIPK1,Q13546,A,565,0.76,33.9,1.0,-0.0909,TNTNFKEEPAA,True
RIPK1,Q13546,A,571,0.64,78.3,0.0,-0.0909,EEPAAKYQAIF,True
RIPK1,Q13546,A,585,0.56,87.2,0.0,-0.0818,TSLTDKHLDPI,True
RIPK1,Q13546,A,596,0.48,84.8,0.0,0.1909,RENLGKHWKNC,True
RIPK1,Q13546,A,599,0.16,93.1,0.0,0.3727,LGKHWKNCARK,False
RIPK1,Q13546,A,604,0.32,92.7,0.0,0.2727,KNCARKLGFTQ,True
RIPK1,Q13546,A,625,0.32,85.5,0.0,0.0,ERDGLKEKVYQ,True
RIPK1,Q13546,A,627,0.08,89.8,0.0,0.0,DGLKEKVYQML,False
RIPK1,Q13546,A,634,0.4,90.3,0.0,0.0909,YQMLQKWVMRE,True
RIPK1,Q13546,A,642,0.56,72.7,0.0,0.0909,MREGIKGATVG,True
RIPK1,Q13546,A,648,0.2,91.2,0.0,0.0909,GATVGKLAQAL,False
TP53,P04637,A,24,0.64,75.5,0.0,-0.0909,FSDLWKLLPEN,True
TP53,P04637,A,101,0.6,96.2,0.0,0.0909,SVPSQKTYQGS,True
TP53,P04637,A,120,0.52,88.8,0.0,0.1,HSGTAKSVTCT,True
TP53,P04637,A,132,0.16,98.2,0.0,0.0909,SPALNKMFCQL,False
TP53,P04637,A,139,0.36,96.8,0.0,0.0909,FCQLAKTCPVQ,True
TP53,P04637,A,164,0.36,97.6,0.0,0.1,AMAIYKQSQHM,True
TP53,P04637,A,291,0.36,89.2,0.0,0.0091,EENLRKKGEPH,True
TP53,P04637,A,292,0.4,81.5,0.0,0.1091,ENLRKKGEPHH,True
TP53,P04637,A,305,0.8,47.5,1.0,0.1818,PPGSTKRALPN,True
TP53,P04637,A,319,0.76,48.0,1.0,0.1818,SSPQPKKKPLD,True
TP53,P04637,A,320,0.76,48.9,1.0,0.1818,SPQPKKKPLDG,True
TP53,P04637,A,321,0.76,50.0,1.0,0.0909,PQPKKKPLDGE,True
TP53,P04637,A,351,0.56,89.1,0.0,-0.1818,EALELKDAQAG,True
TP53,P04637,A,357,0.68,58.9,0.5,-0.0909,DAQAGKEPGGS,True
TP53,P04637,A,370,0.76,43.0,1.0,0.2909,HSSHLKSKKGQ,True
TP53,P04637,A,372,0.76,44.1,1.0,0.2818,SHLKSKKGQST,True
TP53,P04637,A,373,0.8,40.4,1.0,0.2818,HLKSKKGQSTS,True
TP53,P04637,A,381,0.8,45.5,1.0,0.3727,STSRHKKLMFK,True
TP53,P04637,A,382,0.8,47.1,1.0,0.3727,TSRHKKLMFKT,True
TP53,P04637,A,386,0.8,42.9,1.0,0.0909,KKLMFKTEGPD,True
CASP8,Q14790,A,23,0.12,93.6,0.0,-0.0909,DLASLKFLSLD,False
CASP8,Q14790,A,34,0.56,86.1,0.0,0.1818,YIPQRKQEPIK,True
CASP8,Q14790,A,39,0.52,90.8,0.0,0.0,KQEPIKDALML,True
CASP8,Q14790,A,51,0.52,87.1,0.0,0.0,QRLQEKRMLEE,True
CASP8,Q14790,A,63,0.16,92.6,0.0,0.0909,NLSFLKELLFR,False
CASP8,Q14790,A,83,0.44,89.2,0.0,0.0,YLNTRKEEMER,True
CASP8,Q14790,A,121,0.2,86.3,0.0,0.0,ELRSFKFLLQE,False
CASP8,Q14790,A,130,0.48,62.0,0.5,-0.1818,QEEISKCKLDD,True
CASP8,Q14790,A,132,0.56,64.7,0.5,-0.1818,EISKCKLDDDM,True
CASP8,Q14790,A,148,0.56,86.4,0.0,0.0,FIEMEKRVILG,True
CASP8,Q14790,A,156,0.52,87.1,0.0,0.0,ILGEGKLDILK,True
CASP8,Q14790,A,161,0.32,90.8,0.0,0.1818,KLDILKRVCAQ,True
CASP8,Q14790,A,169,0.56,83.2,0.0,0.1818,CAQINKSLLKI,True
CASP8,Q14790,A,173,0.4,88.5,0.0,0.0909,NKSLLKIINDY,True
CASP8,Q14790,A,183,0.56,75.4,0.0,-0.0909,YEEFSKERSSS,True
CASP8,Q14790,A,224,0.48,89.6,0.0,0.0909,SQTLDKVYQMK,True
CASP8,Q14790,A,229,0.44,94.4,0.0,0.3636,KVYQMKSKPRG,True
CASP8,Q14790,A,231,0.48,92.9,0.0,0.2727,YQMKSKPRGYC,True
CASP8,Q14790,A,246,0.36,96.5,0.0,0.1909,NHNFAKAREKV,True
CASP8,Q14790,A,250,0.48,94.1,0.0,0.2818,AKAREKVPKLH,True
CASP8,Q14790,A,253,0.56,90.0,0.0,0.2818,REKVPKLHSIR,True
CASP8,Q14790,A,282,0.52,98.4,0.0,-0.1636,LHFEIKPHDDC,True
CASP8,Q14790,A,297,0.36,97.0,0.0,0.0,IYEILKIYQLM,True
CASP8,Q14790,A,320,0.32,78.7,0.0,0.0091,LSHGDKGIIYG,True
CASP8,Q14790,A,344,0.4,90.1,0.0,0.0909,QFTGLKCPSLA,True
CASP8,Q14790,A,351,0.0,96.2,0.0,0.1818,PSLAGKPKVFF,False
CASP8,Q14790,A,353,0.0,97.9,0.0,0.1818,LAGKPKVFFIQ,False
CASP8,Q14790,A,367,0.52,44.6,1.0,-0.0909,GDNYQKGIPVE,True
CASP8,Q14790,A,453,0.4,85.6,0.0,0.0,YEVSNKDDKKN,True
CASP8,Q14790,A,456,0.68,79.3,0.0,0.1818,SNKDDKKNMGK,True
CASP8,Q14790,A,457,0.76,77.8,0.0,0.1818,NKDDKKNMGKQ,True
CASP8,Q14790,A,461,0.12,81.8,0.0,0.2727,KKNMGKQMPQP,False
CASP8,Q14790,A,472,0.36,92.8,0.0,0.2727,TFTLRKKLVFP,True
CASP8,Q14790,A,473,0.36,95.1,0.0,0.2727,FTLRKKLVFPS,True
CASP10,Q92851,A,2,0.88,35.8,1.0,0.1,XXXXMKSQGQH,True
CASP10,Q92851,A,14,0.8,39.9,1.0,0.0909,YSSSDKNCKVS,True
CASP10,Q92851,A,17,0.72,59.1,0.5,0.0909,SDKNCKVSFRE,True
CASP10,Q92851,A,23,0.4,94.6,0.0,0.0,VSFREKLLIID,True
CASP10,Q92851,A,40,0.12,95.7,0.0,-0.0909,DVENLKFLCIG,False
CASP10,Q92851,A,50,0.64,91.1,0.0,0.1818,GLVPNKKLEKS,True
CASP10,Q92851,A,51,0.52,93.1,0.0,0.1818,LVPNKKLEKSS,True
CASP10,Q92851,A,54,0.56,93.2,0.0,0.1818,NKKLEKSSSAS,True
CASP10,Q92851,A,89,0.32,92.3,0.0,0.2818,YIIRQKKLLQH,True
CASP10,Q92851,A,90,0.48,93.4,0.0,0.2818,IIRQKKLLQHL,True
CASP10,Q92851,A,99,0.36,91.2,0.0,-0.0818,HLNCTKEEVER,True
CASP10,Q92851,A,132,0.4,89.9,0.0,-0.1818,DSENLKDMIFL,True
CASP10,Q92851,A,139,0.64,66.3,0.5,0.0909,MIFLLKDSLPK,True
CASP10,Q92851,A,144,0.76,66.4,0.5,0.0,KDSLPKTEMTS,True
CASP10,Q92851,A,158,0.56,88.9,0.0,0.0,LAFLEKQGKID,True
CASP10,Q92851,A,161,0.44,89.7,0.0,-0.1818,LEKQGKIDEDN,True
CASP10,Q92851,A,175,0.48,94.4,0.0,0.0,LEDLCKTVVPK,True
CASP10,Q92851,A,180,0.6,92.8,0.0,0.2727,KTVVPKLLRNI,True
CASP10,Q92851,A,187,0.48,91.8,0.0,0.2727,LRNIEKYKREK,True
CASP10,Q92851,A,189,0.32,91.2,0.0,0.1818,NIEKYKREKAI,True
CASP10,Q92851,A,192,0.32,85.8,0.0,0.2727,KYKREKAIQIV,True
CASP10,Q92851,A,203,0.76,31.8,1.0,-0.1818,TPPVDKEAESY,True
CASP10,Q92851,A,221,0.6,40.4,1.0,-0.0909,SQTDVKTFLEA,True
CASP10,Q92851,A,235,0.8,29.9,1.0,0.0091,ESWQNKHAGSN,True
CASP10,Q92851,A,271,0.72,35.2,1.0,0.0909,SETSTKRAAVY,True
CASP10,Q92851,A,298,0.6,84.1,0.0,0.0909,SFTSLKDRQGT,True
CASP10,Q92851,A,305,0.28,89.4,0.0,0.0091,RQGTHKDAEIL,True
CASP10,Q92851,A,329,0.32,97.1,0.0,-0.0818,HNNVTKVEMEM,True
CASP10,Q92851,A,338,0.56,96.7,0.0,0.0909,EMVLQKQKCNP,True
CASP10,Q92851,A,340,0.24,95.4,0.0,0.1909,VLQKQKCNPAH,False
CASP10,Q92851,A,392,0.12,84.4,0.0,0.1818,PRLAEKPKLFF,False
CASP10,Q92851,A,394,0.12,89.7,0.0,0.0909,LAEKPKLFFIQ,False
CASP10,Q92851,A,467,0.4,74.3,0.0,0.2818,LCNHLKKLVPR,True
CASP10,Q92851,A,468,0.6,70.6,0.0,0.2818,CNHLKKLVPRM,True
CASP10,Q92851,A,475,0.56,35.7,1.0,0.1818,VPRMLKFLEKT,True
CASP10,Q92851,A,479,0.6,36.3,1.0,0.0909,LKFLEKTMEIR,True
CASP10,Q92851,A,487,0.72,26.0,1.0,0.2727,EIRGRKRTVWG,True
CASP10,Q92851,A,494,0.84,22.8,1.0,0.0909,TVWGAKQISAT,True
PRR5L,Q6MZQ0,A,15,0.76,48.8,1.0,0.1,PVEFHKMGSFR,True
PRR5L,Q6MZQ0,A,65,0.44,91.6,0.0,0.0909,VINVFKGGGLQ,True
PRR5L,Q6MZQ0,A,86,0.56,89.4,0.0,0.1818,IRRLLKSELGS,True
PRR5L,Q6MZQ0,A,104,0.32,95.0,0.0,0.0909,NQLLAKGLFFV,True
PRR5L,Q6MZQ0,A,112,0.44,91.9,0.0,-0.0909,FFVEEKIKLCE,True
PRR5L,Q6MZQ0,A,114,0.44,90.8,0.0,-0.1818,VEEKIKLCEGE,True
PRR5L,Q6MZQ0,A,169,0.52,90.6,0.0,0.0,DLVLLKVKLGD,True
PRR5L,Q6MZQ0,A,171,0.52,85.1,0.0,0.0909,VLLKVKLGDLL,True
PRR5L,Q6MZQ0,A,182,0.76,76.2,0.0,0.0909,LLAQSKLPSSI,True
PRR5L,Q6MZQ0,A,215,0.44,85.6,0.0,-0.0909,LEELVKQVVSP,True
PRR5L,Q6MZQ0,A,247,0.8,39.4,1.0,0.2727,SRVRPKVTVLN,True
PRR5L,Q6MZQ0,A,283,0.8,50.2,0.5,0.0,EAYLEKCGSVR,True
PRR5L,Q6MZQ0,A,321,0.8,37.6,1.0,0.0,ASSENKCLLLP,True
STUB1,Q9UNE7,A,2,0.84,42.4,1.0,0.0909,XXXXMKGKEEK,True
STUB1,Q9UNE7,A,4,0.76,43.5,1.0,0.0,XXMKGKEEKEG,True
STUB1,Q9UNE7,A,7,0.76,40.9,1.0,0.0909,KGKEEKEGGAR,True
STUB1,Q9UNE7,A,22,0.76,61.5,0.5,0.0,GGSPEKSPSAQ,True
STUB1,Q9UNE7,A,30,0.04,94.6,0.0,0.0,SAQELKEQGNR,False
STUB1,Q9UNE7,A,41,0.44,97.1,0.0,0.0909,LFVGRKYPEAA,True
STUB1,Q9UNE7,A,72,0.44,95.1,0.0,0.0091,ALCYLKMQQHE,True
STUB1,Q9UNE7,A,95,0.16,95.7,0.0,0.0091,DGQSVKAHFFL,False
STUB1,Q9UNE7,A,125,0.48,92.8,0.0,0.0909,AYSLAKEQRLN,True
STUB1,Q9UNE7,A,143,0.16,91.2,0.0,0.4545,ALRIAKKKRWN,False
STUB1,Q9UNE7,A,144,0.28,90.2,0.0,0.4545,LRIAKKKRWNS,True
STUB1,Q9UNE7,A,145,0.28,92.3,0.0,0.4545,RIAKKKRWNSI,True
STUB1,Q9UNE7,A,203,0.52,96.5,0.0,0.0091,ACIEAKHDKYM,True
STUB1,Q9UNE7,A,206,0.52,97.1,0.0,-0.0818,EAKHDKYMADM,True
STUB1,Q9UNE7,A,221,0.64,82.7,0.0,0.1818,SQVDEKRKKRD,True
STUB1,Q9UNE7,A,223,0.68,74.6,0.0,0.1818,VDEKRKKRDIP,True
STUB1,Q9UNE7,A,224,0.68,76.9,0.0,0.0909,DEKRKKRDIPD,True
STUB1,Q9UNE7,A,234,0.24,93.9,0.0,-0.0909,DYLCGKISFEL,False
STUB1,Q9UNE7,A,255,0.4,93.3,0.0,-0.1727,ITYDRKDIEEH,True
STUB1,Q9UNE7,A,287,0.32,96.1,0.0,-0.0909,PNLAMKEVIDA,True
KCNH2,Q12809,A,21,0.52,80.3,0.0,0.0,DTIIRKFEGQS,True
KCNH2,Q12809,A,28,0.2,92.1,0.0,0.0909,EGQSRKFIIAN,False
KCNH2,Q12809,A,93,0.28,92.8,0.0,-0.0909,GAEERKVEIAF,True
KCNH2,Q12809,A,101,0.48,92.0,0.0,0.0909,IAFYRKDGSCF,True
KCNH2,Q12809,A,116,0.2,83.8,0.0,-0.1818,DVVPVKNEDGA,False
KCNH2,Q12809,A,135,0.76,35.8,1.0,-0.1818,EVVMEKDMVGS,True
KCNH2,Q12809,A,161,0.84,32.9,1.0,0.3636,APGRAKTFRLK,True
KCNH2,Q12809,A,166,0.8,26.7,1.0,0.2727,KTFRLKLPALL,True
KCNH2,Q12809,A,332,0.76,30.2,1.0,0.1818,YRTISKIPQIT,True
KCNH2,Q12809,A,344,0.84,28.1,1.0,-0.0909,NFVDLKGDPFL,True
KCNH2,Q12809,A,362,0.84,27.1,1.0,0.0909,EIIAPKIKERT,True
KCNH2,Q12809,A,364,0.8,28.2,1.0,0.1909,IAPKIKERTHN,True
KCNH2,Q12809,A,373,0.6,42.3,1.0,0.0091,HNVTEKVTQVL,True
KCNH2,Q12809,A,389,0.72,33.6,1.0,0.0909,VLPEYKLQAPR,True
KCNH2,Q12809,A,407,0.36,89.8,0.0,0.0091,HYSPFKAVWDW,True
KCNH2,Q12809,A,434,0.44,55.8,0.5,-0.1818,AAFLLKETEEG,True
KCNH2,Q12809,A,495,0.64,90.3,0.0,0.1,AVHYFKGWFLI,True
KCNH2,Q12809,A,525,0.28,78.2,0.0,0.1818,LIGLLKTARLL,True
KCNH2,Q12809,A,538,0.48,75.8,0.0,0.2727,VRVARKLDRYS,True
KCNH2,Q12809,A,595,0.4,85.7,0.0,0.0,GDQIGKPYNSS,True
KCNH2,Q12809,A,608,0.6,90.3,0.0,0.0909,GGPSIKDKYVT,True
KCNH2,Q12809,A,610,0.2,91.8,0.0,0.0909,PSIKDKYVTAL,False
KCNH2,Q12809,A,638,0.48,94.6,0.0,0.0,NTNSEKIFSIC,True
KCNH2,Q12809,A,718,0.6,90.6,0.0,0.0,MNAVLKGFPEC,True
KCNH2,Q12809,A,741,0.44,88.0,0.0,0.1909,LLQHCKPFRGA,True
KCNH2,Q12809,A,748,0.64,92.1,0.0,0.2727,FRGATKGCLRA,True
KCNH2,Q12809,A,757,0.32,93.4,0.0,0.2818,RALAMKFKTTH,True
KCNH2,Q12809,A,759,0.32,91.1,0.0,0.1909,LAMKFKTTHAP,True
KCNH2,Q12809,A,801,0.4,92.0,0.0,0.0,VAILGKNDIFG,True
KCNH2,Q12809,A,817,0.24,91.5,0.0,0.0909,YARPGKSNGDV,False
KCNH2,Q12809,A,832,0.32,93.6,0.0,-0.0727,YCDLHKIHRDD,True
KCNH2,Q12809,A,886,0.8,31.9,1.0,0.4545,FSRQRKRKLSF,True
KCNH2,Q12809,A,888,0.8,33.8,1.0,0.6364,RQRKRKLSFRR,True
KCNH2,Q12809,A,897,0.8,36.4,1.0,0.0909,RRRTDKDTEQP,True
KCNH2,Q12809,A,979,0.84,29.5,1.0,-0.2727,MEDCEKSSDTC,True
JMJD6,Q6NYC1,A,4,0.64,94.8,0.0,0.3727,XXMNHKSKKRI,True
JMJD6,Q6NYC1,A,6,0.48,96.3,0.0,0.3727,MNHKSKKRIRE,True
JMJD6,Q6NYC1,A,7,0.56,97.3,0.0,0.3727,NHKSKKRIREA,True
JMJD6,Q6NYC1,A,13,0.16,97.7,0.0,0.3636,RIREAKRSARP,False
JMJD6,Q6NYC1,A,21,0.56,93.1,0.0,-0.0909,ARPELKDSLDW,True
JMJD6,Q6NYC1,A,68,0.28,98.6,0.0,0.0909,YERPYKPVVLL,True
JMJD6,Q6NYC1,A,84,0.4,98.5,0.0,0.0,WSAQEKWTLER,True
JMJD6,Q6NYC1,A,91,0.24,98.2,0.0,0.3636,TLERLKRKYRN,False
JMJD6,Q6NYC1,A,93,0.4,98.3,0.0,0.4545,ERLKRKYRNQK,True
JMJD6,Q6NYC1,A,98,0.24,98.4,0.0,0.2727,KYRNQKFKCGE,False
JMJD6,Q6NYC1,A,100,0.0,98.5,0.0,0.0909,RNQKFKCGEDN,False
JMJD6,Q6NYC1,A,111,0.12,98.2,0.0,0.1818,DGYSVKMKMKY,False
JMJD6,Q6NYC1,A,113,0.24,98.6,0.0,0.2727,YSVKMKMKYYI,False
JMJD6,Q6NYC1,A,115,0.2,98.3,0.0,0.1818,VKMKMKYYIEY,False
JMJD6,Q6NYC1,A,142,0.48,96.8,0.0,0.2818,YGEHPKRRKLL,True
JMJD6,Q6NYC1,A,145,0.44,98.0,0.0,0.1909,HPKRRKLLEDY,True
JMJD6,Q6NYC1,A,151,0.4,98.4,0.0,0.0,LLEDYKVPKFF,True
JMJD6,Q6NYC1,A,154,0.56,98.3,0.0,-0.0909,DYKVPKFFTDD,True
JMJD6,Q6NYC1,A,167,0.64,92.4,0.0,0.1818,QYAGEKRRPPY,True
JMJD6,Q6NYC1,A,204,0.04,98.9,0.0,0.1909,LVQGHKRWCLF,False
JMJD6,Q6NYC1,A,219,0.32,97.4,0.0,0.0,PRELIKVTRDE,True
JMJD6,Q6NYC1,A,253,0.4,98.0,0.0,-0.0909,WPPEFKPLEIL,True
JMJD6,Q6NYC1,A,260,0.2,98.8,0.0,-0.0909,LEILQKPGETV,False
JMJD6,Q6NYC1,A,300,0.0,94.0,0.0,0.2818,PVVWHKTVRGR,False
JMJD6,Q6NYC1,A,307,0.52,94.7,0.0,0.4545,VRGRPKLSRKW,True
JMJD6,Q6NYC1,A,311,0.44,94.8,0.0,0.3636,PKLSRKWYRIL,True
JMJD6,Q6NYC1,A,317,0.4,96.1,0.0,0.0091,WYRILKQEHPE,True
JMJD6,Q6NYC1,A,375,0.8,37.0,1.0,0.5545,TVHRRKKRRTC,True
JMJD6,Q6NYC1,A,376,0.8,37.2,1.0,0.5545,VHRRKKRRTCS,True
JMJD6,Q6NYC1,A,397,0.84,37.4,1.0,-0.0909,DDCVSKERSSS,True
DNAJB11,Q9UBS4,A,28,0.52,91.8,0.0,0.0909,GRDFYKILGVP,True
DNAJB11,Q9UBS4,A,39,0.56,83.9,0.0,0.2727,RSASIKDIKKA,True
DNAJB11,Q9UBS4,A,42,0.36,89.2,0.0,0.3636,SIKDIKKAYRK,True
DNAJB11,Q9UBS4,A,43,0.44,87.4,0.0,0.3636,IKDIKKAYRKL,True
DNAJB11,Q9UBS4,A,47,0.48,89.0,0.0,0.3636,KKAYRKLALQL,True
DNAJB11,Q9UBS4,A,66,0.28,85.2,0.0,-0.0909,PQAQEKFQDLG,True
DNAJB11,Q9UBS4,A,82,0.36,88.9,0.0,0.0,LSDSEKRKQYD,True
DNAJB11,Q9UBS4,A,84,0.4,88.2,0.0,0.0,DSEKRKQYDTY,True
DNAJB11,Q9UBS4,A,95,0.44,65.0,0.5,-0.1727,GEEGLKDGHQS,True
DNAJB11,Q9UBS4,A,157,0.4,91.2,0.0,0.1818,EVVRNKPVARQ,True
DNAJB11,Q9UBS4,A,166,0.48,90.1,0.0,0.3636,RQAPGKRKCNC,True
DNAJB11,Q9UBS4,A,168,0.52,88.0,0.0,0.3636,APGKRKCNCRQ,True
DNAJB11,Q9UBS4,A,200,0.48,90.7,0.0,-0.1818,ECPNVKLVNEE,True
DNAJB11,Q9UBS4,A,244,0.32,96.4,0.0,0.3727,LRFRIKVVKHP,True
DNAJB11,Q9UBS4,A,247,0.52,95.5,0.0,0.1909,RIKVVKHPIFE,True
DNAJB11,Q9UBS4,A,284,0.52,96.0,0.0,0.1182,HLDGHKVHISR,True
DNAJB11,Q9UBS4,A,291,0.52,92.8,0.0,0.1909,HISRDKITRPG,True
DNAJB11,Q9UBS4,A,298,0.36,96.1,0.0,0.3636,TRPGAKLWKKG,True
DNAJB11,Q9UBS4,A,301,0.32,96.1,0.0,0.1818,GAKLWKKGEGL,True
DNAJB11,Q9UBS4,A,302,0.52,95.6,0.0,0.1818,AKLWKKGEGLP,True
DNAJB11,Q9UBS4,A,315,0.24,94.6,0.0,0.0,DNNNIKGSLII,False
DNAJB11,Q9UBS4,A,328,0.76,92.6,0.0,-0.2727,DVDFPKEQLTE,True
DNAJB11,Q9UBS4,A,340,0.56,91.1,0.0,0.1818,AREGIKQLLKQ,True
DNAJB11,Q9UBS4,A,344,0.72,90.8,0.0,0.1818,IKQLLKQGSVQ,True
DNAJB11,Q9UBS4,A,350,0.8,87.9,0.0,0.0909,QGSVQKVYNGL,True
